word,count
什么,402
一个,330
中国,289
我们,287
游戏,267
如何,251
原神,230
世界,229
视频,209
这个,197
动画,192
自己,176
挑战,165
这么,157
真的,155
角色,137
体验,134
为什么,130
电影,125
崩坏,121
自制,120
到底,119
不要,118
就是,116
终于,115
史上,114
可以,110
竟然,109
美国,108
没有,108
兄弟,106
方舟,105
全球,103
明日,103
小时,101
怎么,99
居然,99
大家,97
星穹,96
全网,95
铁道,95
故事,95
无数,93
新番,92
这样,90
你们,90
年度,90
一起,89
硬核,89
神话,88
不是,87
还是,84
英雄,83
鉴定,83
阅片,81
还原,81
罗翔,81
最后,79
耗时,79
第一,78
分钟,78
第一次,78
离谱,78
泛式,76
生物,75
番茄,75
多少,71
知道,70
为了,69
一天,68
喜欢,67
官方,66
朋友,66
今天,66
版本,65
原创,65
盘点,64
日本,63
最强,63
生活,61
这些,61
可能,61
同学,60
主题曲,60
为何,60
但是,59
出来,59
一口气,58
网络,58
系列,57
时代,57
演示,57
解说,56
预告,56
深度,56
人类,55
年前,55
一次,55
联盟,54
一年,54
狠人,53
人生,53
时间,53
直接,52
东西,52
粉丝,52
十年,52
发现,52
宣传,52
好吃,51
剧情,51
他们,51
大战,51
悟空,51
老师,50
快乐,50
究竟,50
国产,50
神奇,50
手机,50
完整版,50
快报,50
一下,49
少年,49
动漫,47
半佛,47
青春,47
如果,47
历史,46
简单,46
短片,46
成功,46
美食,46
找到,45
全新,45
已经,45
在家,45
结果,44
震撼,44
一定,44
首发,44
攻略,44
一只,44
随机,44
那些,44
看到,44
老板,43
套路,43
动画短片,43
这是,43
探秘,42
童年,42
绝区,42
真正,42
只有,41
解析,41
所有,41
建议,41
现在,41
高能,41
高考,41
不会,41
爆肝,41
原来,41
完结,41
制作,40
发生,40
特效,40
时候,40
一旦,40
测试,40
成为,40
华农,39
玩家,39
疯狂,39
真实,39
宇宙,39
哈哈哈,39
恐怖,38
背后,38
音乐,38
总结,38
看看,38
吐槽,37
小伙,37
年代,37
未来,37
全程,37
经典,37
什么样,37
千万,37
开始,37
韩国,37
做成,36
妈妈,36
正式,36
现场,36
国家,36
一场,36
合集,36
怎样,35
两个,35
手书,35
毕导,35
一生,35
评分,35
组织,35
不能,35
起来,35
样子,35
每天,35
再见,35
揭秘,34
最大,34
场面,34
公司,34
科技,34
全国,34
街头,34
热传,34
结局,34
大学生,34
王者,34
打开,34
毕业,34
女友,33
问题,33
秘密,33
极限,33
突然,33
变成,33
二次元,33
鸣潮,33
感觉,32
终极,32
细节,32
猛男,32
只是,32
一种,32
活动,32
一直,32
最骚,31
决定,31
事件,31
唯一,31
极致,31
死亡,31
这种,31
作品,31
医学博士,31
外卖,31
观众,31
因为,31
亮记,31
地球,31
男人,30
差点,30
巅峰,30
这次,30
孩子,30
无限,30
手工,30
顶级,30
特别,30
实机,30
超级,30
爆炸,30
穿越,30
今年,30
翻唱,29
爱情,29
可爱,29
崩溃,29
这才,29
北京,29
来到,29
出现,29
一样,29
了解,29
方式,29
完美,29
通关,29
现状,29
假如,29
有点,29
周杰伦,29
永远,29
一条,29
中文,28
一遍,28
玩意,28
还有,28
联动,28
旅行,28
回家,28
混剪,28
变态,28
鬼畜,28
影视,28
生存,28
